URL,build readiness,live deployment,Search Console inspected,indexing requested,indexed status,owner
https://www.sukhmaniconstructions.com.au/,Static metadata/schema/content checks passed,Old production; deployment verification required,OWNER ACTION REQUIRED,After production deployment,Not verified,Owner / SEO admin
https://www.sukhmaniconstructions.com.au/construction-camera-hire-cost/,Static metadata/schema/content checks passed,Old production; deployment verification required,OWNER ACTION REQUIRED,After production deployment,Not verified,Owner / SEO admin
https://www.sukhmaniconstructions.com.au/construction-site-camera-system/,Static metadata/schema/content checks passed,Old production; deployment verification required,OWNER ACTION REQUIRED,After production deployment,Not verified,Owner / SEO admin
https://www.sukhmaniconstructions.com.au/insights/,Static metadata/schema/content checks passed,Old production; deployment verification required,OWNER ACTION REQUIRED,After production deployment,Not verified,Owner / SEO admin
https://www.sukhmaniconstructions.com.au/About/,Static metadata/schema/content checks passed,Old production; deployment verification required,OWNER ACTION REQUIRED,After production deployment,Not verified,Owner / SEO admin
https://www.sukhmaniconstructions.com.au/site-camera-no-wifi-power/,Static metadata/schema/content checks passed,Old production; deployment verification required,OWNER ACTION REQUIRED,After production deployment,Not verified,Owner / SEO admin
https://www.sukhmaniconstructions.com.au/FAQ/,Static metadata/schema/content checks passed,Old production; deployment verification required,OWNER ACTION REQUIRED,After production deployment,Not verified,Owner / SEO admin
https://www.sukhmaniconstructions.com.au/solar-camera-hire-sydney/,Static metadata/schema/content checks passed,Old production; deployment verification required,OWNER ACTION REQUIRED,After production deployment,Not verified,Owner / SEO admin
https://www.sukhmaniconstructions.com.au/how-camera-hire-works/,Static metadata/schema/content checks passed,Old production; deployment verification required,OWNER ACTION REQUIRED,After production deployment,Not verified,Owner / SEO admin
https://www.sukhmaniconstructions.com.au/Services/,Static metadata/schema/content checks passed,Old production; deployment verification required,OWNER ACTION REQUIRED,After production deployment,Not verified,Owner / SEO admin
https://www.sukhmaniconstructions.com.au/Contact/,Static metadata/schema/content checks passed,Old production; deployment verification required,OWNER ACTION REQUIRED,After production deployment,Not verified,Owner / SEO admin
https://www.sukhmaniconstructions.com.au/HowItWorks/,Static metadata/schema/content checks passed,Old production; deployment verification required,OWNER ACTION REQUIRED,After production deployment,Not verified,Owner / SEO admin
https://www.sukhmaniconstructions.com.au/insights/construction-site-security-checklist/,Static metadata/schema/content checks passed,Old production; deployment verification required,OWNER ACTION REQUIRED,After production deployment,Not verified,Owner / SEO admin
https://www.sukhmaniconstructions.com.au/insights/construction-site-shutdown-preparation/,Static metadata/schema/content checks passed,Old production; deployment verification required,OWNER ACTION REQUIRED,After production deployment,Not verified,Owner / SEO admin
https://www.sukhmaniconstructions.com.au/insights/managing-camera-access-across-sites/,Static metadata/schema/content checks passed,Old production; deployment verification required,OWNER ACTION REQUIRED,After production deployment,Not verified,Owner / SEO admin
https://www.sukhmaniconstructions.com.au/Services/Termite-Protection/,Static metadata/schema/content checks passed,Old production; deployment verification required,OWNER ACTION REQUIRED,After production deployment,Not verified,Owner / SEO admin
https://www.sukhmaniconstructions.com.au/Services/Insulation-Installation/,Static metadata/schema/content checks passed,Old production; deployment verification required,OWNER ACTION REQUIRED,After production deployment,Not verified,Owner / SEO admin
https://www.sukhmaniconstructions.com.au/Services/Construction-Site-Cleaning/,Static metadata/schema/content checks passed,Old production; deployment verification required,OWNER ACTION REQUIRED,After production deployment,Not verified,Owner / SEO admin
https://www.sukhmaniconstructions.com.au/Services/Sarking-Installation/,Static metadata/schema/content checks passed,Old production; deployment verification required,OWNER ACTION REQUIRED,After production deployment,Not verified,Owner / SEO admin
