priority,url,live HTTP status,Google tool,Google action after deploy,Bing tool,Bing action after deploy,submitted,indexed
1,https://www.sukhmaniconstructions.com.au/,200,Google Search Console > URL Inspection,Inspect live; review Google canonical; request indexing if eligible,Bing Webmaster Tools > URL Inspection,Inspect live URL and crawl/index errors; submit if available,Not done,Not verified
2,https://www.sukhmaniconstructions.com.au/solar-camera-hire-sydney/,404,Google Search Console > URL Inspection,Inspect live; review Google canonical; request indexing if eligible,Bing Webmaster Tools > URL Inspection,Inspect live URL and crawl/index errors; submit if available,Not done,Not verified
3,https://www.sukhmaniconstructions.com.au/construction-site-camera-system/,404,Google Search Console > URL Inspection,Inspect live; review Google canonical; request indexing if eligible,Bing Webmaster Tools > URL Inspection,Inspect live URL and crawl/index errors; submit if available,Not done,Not verified
4,https://www.sukhmaniconstructions.com.au/Contact/,200,Google Search Console > URL Inspection,Inspect live; review Google canonical; request indexing if eligible,Bing Webmaster Tools > URL Inspection,Inspect live URL and crawl/index errors; submit if available,Not done,Not verified
5,https://www.sukhmaniconstructions.com.au/how-camera-hire-works/,404,Google Search Console > URL Inspection,Inspect live; review Google canonical; request indexing if eligible,Bing Webmaster Tools > URL Inspection,Inspect live URL and crawl/index errors; submit if available,Not done,Not verified
6,https://www.sukhmaniconstructions.com.au/construction-camera-hire-cost/,404,Google Search Console > URL Inspection,Inspect live; review Google canonical; request indexing if eligible,Bing Webmaster Tools > URL Inspection,Inspect live URL and crawl/index errors; submit if available,Not done,Not verified
7,https://www.sukhmaniconstructions.com.au/site-camera-no-wifi-power/,404,Google Search Console > URL Inspection,Inspect live; review Google canonical; request indexing if eligible,Bing Webmaster Tools > URL Inspection,Inspect live URL and crawl/index errors; submit if available,Not done,Not verified
8,https://www.sukhmaniconstructions.com.au/insights/,404,Google Search Console > URL Inspection,Inspect live; review Google canonical; request indexing if eligible,Bing Webmaster Tools > URL Inspection,Inspect live URL and crawl/index errors; submit if available,Not done,Not verified
9,https://www.sukhmaniconstructions.com.au/insights/construction-site-security-checklist/,404,Google Search Console > URL Inspection,Inspect live; review Google canonical; request indexing if eligible,Bing Webmaster Tools > URL Inspection,Inspect live URL and crawl/index errors; submit if available,Not done,Not verified
10,https://www.sukhmaniconstructions.com.au/insights/construction-site-shutdown-preparation/,404,Google Search Console > URL Inspection,Inspect live; review Google canonical; request indexing if eligible,Bing Webmaster Tools > URL Inspection,Inspect live URL and crawl/index errors; submit if available,Not done,Not verified
11,https://www.sukhmaniconstructions.com.au/insights/managing-camera-access-across-sites/,404,Google Search Console > URL Inspection,Inspect live; review Google canonical; request indexing if eligible,Bing Webmaster Tools > URL Inspection,Inspect live URL and crawl/index errors; submit if available,Not done,Not verified
